{
    "order_id": {
        "0": 14364873,
        "1": 14370123,
        "2": 14368534,
        "3": 14369923,
        "4": 14367859,
        "5": 14367634,
        "6": 14369615,
        "7": 14368621,
        "8": 14367450,
        "9": 14367975,
        "10": 14368062,
        "11": 14368255,
        "12": 14369442,
        "13": 14368247,
        "14": 14369738,
        "15": 14368342,
        "16": 14368573,
        "17": 14368568,
        "18": 14368878,
        "19": 14370660,
        "20": 14367873,
        "21": 14369202,
        "22": 14370107
    },
    "store_id": {
        "0": 30000009,
        "1": 30000058,
        "2": 900003684,
        "3": 900014085,
        "4": 900004363,
        "5": 900006875,
        "6": 900005637,
        "7": 900007609,
        "8": 900004941,
        "9": 900004941,
        "10": 900006873,
        "11": 30000255,
        "12": 900009486,
        "13": 900005637,
        "14": 30000301,
        "15": 900010675,
        "16": 900013508,
        "17": 30000048,
        "18": 900003685,
        "19": 900006491,
        "20": 900011220,
        "21": 900008202,
        "22": 900007625
    },
    "to_user_distance": {
        "0": 2.47810067570588,
        "1": 0.451710599588001,
        "2": 2.02607186392437,
        "3": 0.965496041906305,
        "4": 0.577155546680447,
        "5": 2.55803913222153,
        "6": 1.14540696802024,
        "7": 1.2187420195423,
        "8": 1.28254000128755,
        "9": 2.34743982178709,
        "10": 1.1577959199531,
        "11": 0.623186046625495,
        "12": 2.25887872972724,
        "13": 1.08326473286067,
        "14": 1.88102937630432,
        "15": 2.66400940100934,
        "16": 0.562962576257185,
        "17": 1.86556924994157,
        "18": 2.52261572883869,
        "19": 0.600651996600566,
        "20": 1.11314717463486,
        "21": 2.88551512797574,
        "22": 1.54506565112082
    },
    "to_user_elevation": {
        "0": -72.7193603515629,
        "1": 37.7547607421879,
        "2": 207.191162109374,
        "3": 117.42919921875,
        "4": -7.89587402343795,
        "5": 4.0861816406259,
        "6": -33.873657226562,
        "7": 132.34228515625,
        "8": 0.79248046875,
        "9": -123.032348632812,
        "10": 72.220092773437,
        "11": -9.04235839843795,
        "12": 6.2272949218759,
        "13": -68.841430664062,
        "14": -160.723510742187,
        "15": 139.374145507812,
        "16": -21.3011474609379,
        "17": 212.173217773437,
        "18": 51.291381835937,
        "19": -35.241455078125,
        "20": 12.240356445312,
        "21": 47.44970703125,
        "22": 172.211181640625
    },
    "total_earning": {
        "0": 4200,
        "1": 4200,
        "2": 4000,
        "3": 3450,
        "4": 5200,
        "5": 4200,
        "6": 3200,
        "7": 4200,
        "8": 3200,
        "9": 3200,
        "10": 5200,
        "11": 3700,
        "12": 4200,
        "13": 3200,
        "14": 3200,
        "15": 4200,
        "16": 5200,
        "17": 4200,
        "18": 4000,
        "19": 3200,
        "20": 5200,
        "21": 3600,
        "22": 3200
    },
    "created_at": {
        "0": "2017-09-07T20:02:17Z",
        "1": "2017-09-07T20:13:16Z",
        "2": "2017-09-07T20:07:23Z",
        "3": "2017-09-07T20:12:14Z",
        "4": "2017-09-07T20:13:16Z",
        "5": "2017-09-07T20:07:23Z",
        "6": "2017-09-07T20:10:15Z",
        "7": "2017-09-07T20:14:14Z",
        "8": "2017-09-07T19:56:22Z",
        "9": "2017-09-07T19:59:19Z",
        "10": "2017-09-07T20:15:19Z",
        "11": "2017-09-07T20:14:14Z",
        "12": "2017-09-07T20:09:15Z",
        "13": "2017-09-07T20:12:14Z",
        "14": "2017-09-07T20:13:16Z",
        "15": "2017-09-07T20:11:15Z",
        "16": "2017-09-07T20:17:17Z",
        "17": "2017-09-07T20:17:17Z",
        "18": "2017-09-07T20:13:16Z",
        "19": "2017-09-07T20:18:15Z",
        "20": "2017-09-07T20:18:15Z",
        "21": "2017-09-07T20:07:23Z",
        "22": "2017-09-07T20:19:16Z"
    },
    "taken": {
        "0": 0,
        "1": 0,
        "2": 0,
        "3": 1,
        "4": 1,
        "5": 0,
        "6": 1,
        "7": 1,
        "8": 0,
        "9": 0,
        "10": 1,
        "11": 1,
        "12": 1,
        "13": 0,
        "14": 1,
        "15": 0,
        "16": 1,
        "17": 0,
        "18": 1,
        "19": 1,
        "20": 1,
        "21": 0,
        "22": 1
    }
}